{
    "0": {
        "digit": 0,
        "precision": 0.9908814589665653,
        "recall": 0.9979591836734694,
        "f1_score": 0.9944077275038129
    },
    "1": {
        "digit": 1,
        "precision": 0.9947229551451188,
        "recall": 0.9964757709251101,
        "f1_score": 0.9955985915492958
    },
    "2": {
        "digit": 2,
        "precision": 0.9941690962099126,
        "recall": 0.9912790697674418,
        "f1_score": 0.992721979621543
    },
    "3": {
        "digit": 3,
        "precision": 0.9950445986124876,
        "recall": 0.994059405940594,
        "f1_score": 0.9945517582961863
    },
    "4": {
        "digit": 4,
        "precision": 0.9868554095045501,
        "recall": 0.9938900203665988,
        "f1_score": 0.9903602232369355
    },
    "5": {
        "digit": 5,
        "precision": 0.992152466367713,
        "recall": 0.992152466367713,
        "f1_score": 0.992152466367713
    },
    "6": {
        "digit": 6,
        "precision": 0.9906152241918665,
        "recall": 0.9916492693110647,
        "f1_score": 0.99113197704747
    },
    "7": {
        "digit": 7,
        "precision": 0.9912790697674418,
        "recall": 0.995136186770428,
        "f1_score": 0.9932038834951457
    },
    "8": {
        "digit": 8,
        "precision": 0.9918032786885246,
        "recall": 0.9938398357289527,
        "f1_score": 0.9928205128205129
    },
    "9": {
        "digit": 9,
        "precision": 0.9939393939393939,
        "recall": 0.9752229930624381,
        "f1_score": 0.9844922461230615
    },
    "overall": {
        "accuracy": 0.9922,
        "precision_macro": 0.9921462951393574,
        "recall_macro": 0.992166420191381,
        "f1_macro": 0.9921441366061676
    }
}