{
    "0": {
        "digit": 0,
        "precision": 0.967391304347826,
        "recall": 0.9989795918367347,
        "f1_score": 0.9829317269076305
    },
    "1": {
        "digit": 1,
        "precision": 0.9834638816362054,
        "recall": 0.9955947136563876,
        "f1_score": 0.989492119089317
    },
    "2": {
        "digit": 2,
        "precision": 0.9814995131450828,
        "recall": 0.9767441860465116,
        "f1_score": 0.9791160757649344
    },
    "3": {
        "digit": 3,
        "precision": 0.9900199600798403,
        "recall": 0.9821782178217822,
        "f1_score": 0.9860834990059643
    },
    "4": {
        "digit": 4,
        "precision": 0.9947862356621481,
        "recall": 0.9714867617107943,
        "f1_score": 0.9829984544049459
    },
    "5": {
        "digit": 5,
        "precision": 0.9850057670126874,
        "recall": 0.9573991031390134,
        "f1_score": 0.9710062535531552
    },
    "6": {
        "digit": 6,
        "precision": 0.9957035445757251,
        "recall": 0.9676409185803758,
        "f1_score": 0.9814716781365802
    },
    "7": {
        "digit": 7,
        "precision": 0.9758919961427194,
        "recall": 0.9844357976653697,
        "f1_score": 0.9801452784503631
    },
    "8": {
        "digit": 8,
        "precision": 0.9509018036072144,
        "recall": 0.9743326488706365,
        "f1_score": 0.962474645030426
    },
    "9": {
        "digit": 9,
        "precision": 0.9724950884086444,
        "recall": 0.981169474727453,
        "f1_score": 0.9768130241736557
    },
    "overall": {
        "accuracy": 0.9795,
        "precision_macro": 0.9797159094618093,
        "recall_macro": 0.9789961414055058,
        "f1_macro": 0.9792532754516972
    }
}